Workbook

Sheet Summary
A1: 57.3% of orders arrive late, mainly because the promised delivery times are shorter than the time DataCo actually takes to deliver.
A2: Delivery Performance Analysis, DataCo (Jan 2015 to Jan 2018, 62,897 non-canceled orders). Every number on this page is a formula that reads from the tabs; the SQL is in sql/06_kpis.sql.
A4: Key numbers
A5: Measure | B5: Value | C5: Source tab
A6: Orders analyzed | B6: ='By Month'!B42 | C6: By Month
A7: Late orders | B7: ='By Month'!C42 | C7: By Month
A8: Late rate (%) | B8: ='By Month'!D42 | C8: By Month
A9: Sales on late orders | B9: ='Money at risk'!C5 | C9: Money at risk
A10: Profit on late orders | B10: ='Money at risk'!D5 | C10: Money at risk
A11: Share of all sales on late orders (%) | B11: ='Money at risk'!E5 | C11: Money at risk
A12: Late rate if every promise were 1 day longer (%) | B12: ='What-if'!D9 | C12: What-if
A13: Late rate if every promise were 2 days longer (%) | B13: ='What-if'!E9 | C13: What-if
A15: By shipping mode
A16: Shipping mode | B16: Orders | C16: Late rate (%) | D16: Avg promised days | E16: Avg actual days
A17: ='By Mode'!A5 | B17: ='By Mode'!B5 | C17: ='By Mode'!C5 | D17: ='By Mode'!D5 | E17: ='By Mode'!E5
A18: ='By Mode'!A6 | B18: ='By Mode'!B6 | C18: ='By Mode'!C6 | D18: ='By Mode'!D6 | E18: ='By Mode'!E6
A19: ='By Mode'!A7 | B19: ='By Mode'!B7 | C19: ='By Mode'!C7 | D19: ='By Mode'!D7 | E19: ='By Mode'!E7
A20: ='By Mode'!A8 | B20: ='By Mode'!B8 | C20: ='By Mode'!C8 | D20: ='By Mode'!D8 | E20: ='By Mode'!E8
A21: Source tab: By Mode
A23: Findings
A24: 1. Shipping mode is the strongest driver of lateness (tab: By Mode).
A25: First Class is late on 100% of orders, Second Class on 80%, Same Day on 48% and Standard Class on 40%. First Class and Second Class are the worst performers.
A26: 2. Promises are shorter than the delivery time (tabs: Promise Test, What-if).
A27: First Class promises 1 day and always takes 2. Second Class promises 2 days but takes 2 to 6. Adding 1 day to every promise cuts the late rate from 57.3% to 23.7%; adding 2 days cuts it to 7.8%. Lengthening promises is the quickest fix.
A28: 3. Month, region and category do not explain it (tabs: By Month, Region by mode, Category).
A29: The late rate stays between 55% and 60% in every month. Inside each shipping mode it is about the same in every region, and the nine largest categories are all 56.9% to 57.6% late.
A30: 4. Late orders carry more than half of the money (tab: Money at risk).
A31: 36,048 late orders carry 20.1 million in sales and 2.14 million in profit, 57% of sales and 56% of profit.
A33: Limits
A34: Public synthetic data with no carrier or cost data. Canceled and suspected-fraud orders (7,754 lines) are excluded. Actual delivery days are spread almost evenly across 2 to 6, which looks synthetic (Issues_Log #17), and order volume steps up from Oct 2017 (#16). Categories are counted in order lines, everything else per order. Differences in small cells are noise.
A36: Checks (should all say OK)
A37: Check | B37: Result
A38: Orders agree across all five tabs | B38: =IF(AND('By Month'!B42='By Mode'!B9,'By Month'!B42='Promise Test'!D18,'By Month'!B42='What-if'!B9,'By Month'!B42='Money at risk'!B7,'By Month'!B42=62897),"OK","CHECK")
A39: Late orders agree (By Month vs Money at risk) | B39: =IF(AND('By Month'!C42='Money at risk'!B5,'By Month'!C42=36048),"OK","CHECK")
A40: Late rate agrees (By Month vs What-if) | B40: =IF(ABS('By Month'!D42-'What-if'!C9)<0.05,"OK","CHECK")
A41: Sales and profit match the SQL totals | B41: =IF(AND(ROUND('Money at risk'!C7,2)=35214428.98,ROUND('Money at risk'!D7,2)=3806420.63),"OK","CHECK")

Sheet By Month
A1: The late rate stays between 55% and 60% in every month from Jan 2015 to Jan 2018, so lateness is steady, not seasonal.
A2: From sql/06_kpis.sql, KPI 2
A4: Month | B4: Orders | C4: Late orders | D4: Late rate (%) | E4: Change (pts)
A5: 42005 | B5: 1713 | C5: 963 | D5: 56.2
A6: 42036 | B6: 1505 | C6: 871 | D6: 57.9 | E6: 1.7
A7: 42064 | B7: 1702 | C7: 978 | D7: 57.5 | E7: -0.4
A8: 42095 | B8: 1639 | C8: 927 | D8: 56.6 | E8: -0.9
A9: 42125 | B9: 1684 | C9: 969 | D9: 57.5 | E9: 0.9
A10: 42156 | B10: 1651 | C10: 941 | D10: 57 | E10: -0.5
A11: 42186 | B11: 1704 | C11: 963 | D11: 56.5 | E11: -0.5
A12: 42217 | B12: 1678 | C12: 966 | D12: 57.6 | E12: 1.1
A13: 42248 | B13: 1634 | C13: 951 | D13: 58.2 | E13: 0.6
A14: 42278 | B14: 1696 | C14: 973 | D14: 57.4 | E14: -0.8
A15: 42309 | B15: 1658 | C15: 941 | D15: 56.8 | E15: -0.6
A16: 42339 | B16: 1731 | C16: 988 | D16: 57.1 | E16: 0.3
A17: 42370 | B17: 1703 | C17: 998 | D17: 58.6 | E17: 1.5
... A41: 43101 | B41: 2037 | C41: 1195 | D41: 58.7 | E41: 1
A42: Total | B42: =SUM(B5:B41) | C42: =SUM(C5:C41) | D42: =ROUND(C42/B42*100,1)

Sheet By Mode
A1: Shipping mode drives lateness: First Class is late on 100% of orders, Second Class on 80%, Same Day on 48% and Standard Class on 40%.
A2: From sql/06_kpis.sql, KPI 3
A4: Shipping mode | B4: Orders | C4: Late rate (%) | D4: Avg promised days | E4: Avg actual days | F4: Avg delay (days)
A5: First Class | B5: 9602 | C5: 100 | D5: 1 | E5: 2 | F5: 1
A6: Second Class | B6: 12256 | C6: 80 | D6: 2 | E6: 4 | F6: 2
A7: Same Day | B7: 3407 | C7: 48.4 | D7: 0 | E7: 0.48 | F7: 0.48
A8: Standard Class | B8: 37632 | C8: 39.8 | D8: 4 | E8: 3.99 | F8: -0.01
A9: Total | B9: =SUM(B5:B8)

Sheet Promise Test
A1: Second Class and Standard Class both deliver in 2 to 6 days, but Second Class promises 2 days and Standard Class promises 4; First Class always takes 2 days against a promise of 1.
A2: From sql/06_kpis.sql, Promise test
A4: Shipping mode | B4: Promised days | C4: Actual days | D4: Orders | E4: Share of mode (%)
A5: First Class | B5: 1 | C5: 2 | D5: 9602 | E5: 100
A6: Same Day | B6: 0 | C6: 0 | D6: 1759 | E6: 51.6
A7: Same Day | B7: 0 | C7: 1 | D7: 1648 | E7: 48.4
A8: Second Class | B8: 2 | C8: 2 | D8: 2453 | E8: 20
A9: Second Class | B9: 2 | C9: 3 | D9: 2422 | E9: 19.8
A10: Second Class | B10: 2 | C10: 4 | D10: 2473 | E10: 20.2
A11: Second Class | B11: 2 | C11: 5 | D11: 2452 | E11: 20
A12: Second Class | B12: 2 | C12: 6 | D12: 2456 | E12: 20
A13: Standard Class | B13: 4 | C13: 2 | D13: 7610 | E13: 20.2
A14: Standard Class | B14: 4 | C14: 3 | D14: 7517 | E14: 20
A15: Standard Class | B15: 4 | C15: 4 | D15: 7510 | E15: 20
A16: Standard Class | B16: 4 | C16: 5 | D16: 7458 | E16: 19.8
A17: Standard Class | B17: 4 | C17: 6 | D17: 7537 | E17: 20
A18: Total | D18: =SUM(D5:D17)

Sheet What-if
A1: Adding 1 day to every promise cuts the late rate from 57.3% to 23.7%, and adding 2 days cuts it to 7.8%.
A2: From sql/06_kpis.sql, What-if. The "All modes" row is calculated here from the four modes above.
A4: Shipping mode | B4: Orders | C4: Late now (%) | D4: Late with +1 day (%) | E4: Late with +2 days (%)
A5: First Class | B5: 9602 | C5: 100 | D5: 0 | E5: 0
A6: Second Class | B6: 12256 | C6: 80 | D6: 60.2 | E6: 40
A7: Same Day | B7: 3407 | C7: 48.4 | D7: 0 | E7: 0
A8: Standard Class | B8: 37632 | C8: 39.8 | D8: 20 | E8: 0
A9: All modes | B9: =SUM(B5:B8) | C9: =ROUND(SUMPRODUCT($B$5:$B$8,C5:C8)/SUM($B$5:$B$8),1) | D9: =ROUND(SUMPRODUCT($B$5:$B$8,D5:D8)/SUM($B$5:$B$8),1) | E9: =ROUND(SUMPRODUCT($B$5:$B$8,E5:E8)/SUM($B$5:$B$8),1)

Sheet Region by mode
A1: Inside each shipping mode the late rate is about the same in every region, so region is not a driver.
A2: From sql/06_kpis.sql, KPI 4. Cells with fewer than 30 orders (95 orders in total) are not shown.
A4: Shipping mode | B4: Region | C4: Orders | D4: Late rate (%)
A5: First Class | B5: Eastern Europe | C5: 202 | D5: 100
A6: First Class | B6: Eastern Asia | C6: 469 | D6: 100
A7: First Class | B7: West of USA | C7: 376 | D7: 100
A8: First Class | B8: South of USA | C8: 187 | D8: 100
A9: First Class | B9: Oceania | C9: 566 | D9: 100
A10: First Class | B10: West Asia | C10: 316 | D10: 100
A11: First Class | B11: Canada | C11: 53 | D11: 100
A12: First Class | B12: East of USA | C12: 342 | D12: 100
A13: First Class | B13: South Asia | C13: 523 | D13: 100
A14: First Class | B14: US Center | C14: 314 | D14: 100
A15: First Class | B15: North Africa | C15: 150 | D15: 100
A16: First Class | B16: Central America | C16: 1382 | D16: 100
... A91: Standard Class | B91: Canada | C91: 176 | D91: 33

Sheet Category
A1: The nine largest categories are all late 56.9% to 57.6% of the time, so what was ordered does not drive lateness.
A2: From sql/06_kpis.sql, KPI 5. Counted in lines. Categories with fewer than 100 lines (191 lines in total) are not shown.
A4: Category | B4: Lines | C4: Late rate (%)
A5: Lacrosse | B5: 329 | C5: 62.6
A6: Pet Supplies | B6: 472 | C6: 61.4
A7: Cameras | B7: 562 | C7: 61.2
A8: Accessories | B8: 1697 | C8: 59.8
A9: Fitness Accessories | B9: 296 | C9: 59.5
A10: Music | B10: 417 | C10: 59.5
A11: Crafts | B11: 458 | C11: 59.2
A12: Boxing & MMA | B12: 402 | C12: 59.2
A13: Sporting Goods | B13: 336 | C13: 58.9
A14: Strength Training | B14: 109 | C14: 58.7
A15: Books | B15: 391 | C15: 58.6
A16: Golf Gloves | B16: 1029 | C16: 58.5
... A51: Men's Golf Clubs | B51: 274 | C51: 49.3

Sheet Money at risk
A1: 36,048 late orders carry 20.1 million in sales and 2.14 million in profit, 57% and 56% of the totals.
A2: From sql/06_kpis.sql, KPI 6
A4: Delivery | B4: Orders | C4: Sales | D4: Profit | E4: Share of sales (%) | F4: Share of profit (%)
A5: Late | B5: 36048 | C5: 20126395 | D5: 2140051.7 | E5: 57.2 | F5: 56.2
A6: On time | B6: 26849 | C6: 15088034 | D6: 1666368.9 | E6: 42.8 | F6: 43.8
A7: Total | B7: =SUM(B5:B6) | C7: =SUM(C5:C6) | D7: =SUM(D5:D6) | E7: =ROUND(SUM(E5:E6),1) | F7: =ROUND(SUM(F5:F6),1)

Sheet Issues_Log
A1: # | B1: Issue | C1: Column(s) | D1: Rows affected | E1: decision | F1: reason | G1: found | H1: fixed in
A2: 1 | B2: Grain change: lines per order drops from about 3 to 1 | C2: order date (DateOrders), Order Id | D2: Jan 2015 to Oct 2017: about 5,200 lines and 1,750 orders a month. Oct 2017 to Jan 2018: 8,557 lines, 8,403 orders | E2: Count KPIs per order | F2: Order volume did not drop (about 1,750 to 2,100 a month) | G2: Query 3 | H2: 05_model.sql
A3: 2 | B3: Day counts disagree with the late flag on canceled orders | C3: Delivery Status, Late_delivery_risk, Days for shipping (real), Days for shipment (scheduled) | D3: 4,423 lines | E3: Define is_late from Delivery Status; exclude canceled orders from KPIs | F3: Canceled orders never shipped, so their day counts are not a delivery measure | G3: Query 4a/4b | H3: 05_model.sql
A4: 3 | B4: Three names have stray spaces | C4: Order Region | D4: 17,925 lines | E4: Trim and collapse repeated spaces | F4: Hidden spaces make the same region group or joinj as different values | G4: Query 5a | H4: 04_clean.sql
A5: 4 | B5: Canceled lines include suspected-fraud orders | C5: Delivery Status, Order Status | D5: 7,754 lines (3,692 canceled + 4,062 suspected fraud) | E5: Exclude from KPIs; describe as “canceled or suspected fraud” | F5: These orders never shipped, and the two groups are identical to Delivery Status “Shipping canceled” | G5: Query 5b | H5: 05_model.sql
A6: 5 | B6: No missing values or bad number formats in KPI columns | C6: 13 KPI columns; Sales, Order Profit Per Order, Order Item Quantity | D6: 0 | E6: No cleaning needed; cast types in the clean step | F6: Zero blanks and zero non-numeric values in 180,519 lines | G6: Query 6 | H6: 04_clean.sql
A7: 6 | B7: Order-level columns are consistent across the lines of every order | C7: Shipping Mode, both day counts, order date, Delivery Status, Order Country, Order Region, Market | D7: 0 orders | E7: Collapse lines into orders with GROUP BY and MAX | F7: 0 orders have more than one value in any of the 8 columns | G7: Query 7 | H7: 05_model.sql
A8: 7 | B8: Order Country is in mixed languages (Spanish names) | C8: Order Country | D8: 164 distinct values; 102 translated | E8: Translate with a lookup table | F8: Reports must be readable in English; the map is checked for completeness and duplicates | G8: Query 8a, 8b | H8: 03_country_map.sql
A9: 8 | B9: Order State and Order City are in mixed languages | C9: Order State, Order City | D9: 1,089 states, 3,597 cities | E9: Keep as they are | F9: No KPI uses them; translating would add effort for no result | G9: Query 8a | H9: N/A: no KPI uses them
A10: 9 | B10: The USA appears under 4 regions (one market), so country is not a unique key for region | C10: Order Country, Order Region | D10: 24,840 Estados Unidos lines | E10: Do not key the geography table on country alone | F10: Country alone would join one country to 4 regions and duplicate rows | G10: Query 8c | H10: 05_model.sql
A11: 10 | B11: Baseline size: one row per item, not per order | C11: Order Id, Order Item Id | D11: 180,519 lines, 65,752 orders | E11: Build an order-level table; KPIs per order | F11: Every later KPI must reconcile to this baseline | G11: Query 1 | H11: 05_model.sql
A12: 11 | B12: Text encoding (accents garbled on load) | C12: All text columns | D12: Whole file | E12: Load with Windows-1252 encoding | F12: File is not UTF-8; default load garbled accented characters | G12: Stage 1 load | H12: 01_load.sql
A13: 12 | B13: Dates stored as text | C13: order date (DateOrders), shipping date (DateOrders) | D13: 180519 | E13: Convert to timestamp in the clean step | F13: Raw table is all TEXT; dates can't be compared or grouped until converted | G13: Query 3 | H13: 04_clean.sql
A14: 13 | B14: Personal data in the file | C14: Customer Email, Customer Password, Customer Fname, Customer Lname, Customer Street | D14: 180519 | E14: Leave out of the clean and mart tables; never show in Excel or Power BI | F14: No KPI needs them; keeps the deliverable safe to share | G14: Stage 1 column review | H14: 04_clean.sql
A15: 14 | B15: Columns not needed | C15: Product Image, Product Description | D15: 180519 | E15: Leave out of the clean table | F15: No KPI uses them | G15: Stage 1 column review | H15: 04_clean.sql
A16: 15 | B16: One category listed under two departments | C16: Category Name, Department Name | D16: 3,156 lines (Electronics: 2,029 Outdoors, 1,127 Footwear) | E16: Product dimension keyed on category only; department not used in KPIs | F16: Questions are by category; department conflicts for Electronics | G16: Step 11 test | H16: 05_model.sql
A17: 16 | B17: Monthly order volume steps up about 20% from Oct 2017 | C17: order date (DateOrders), Order Id | D17: 8,043 orders, Oct 2017 to Jan 2018 (about 2,000 a month vs about 1,650 before) | E17: Report the late rate; do not report volume trends across Oct 2017 | F17: The late rate stayed at 56 to 59% through the change, so the rate is comparable across the whole period; the volume change is not explained by the data | G17: KPI 2 | H17: N/A: no data change
A18: 17 | B18: Actual days are evenly spread (about 20% each of 2 to 6 days) in Second Class and Standard Class, and always 2 days in First Class | C18: Days for shipping (real), Shipping Mode | D18: 49,888 orders (Second Class 12,256 + Standard Class 37,632) plus 9,602 First Class | E18: Report as is; state in the limits that the data looks synthetic and cannot separate carrier from warehouse | F18: A natural process would not give equal groups; the finding about the promise still holds because it uses the same data on both sides | G18: Promise test | H18: N/A: no data change
